Index,Team,GP,GS,Mins,G,A,S,SOT,KP,Tackles,FC,FS,OFF,YC,RC,P
65,Racing Louisville FC,10,0,131,1,0,4,2,0,1,2,0,2,0,0,F
71,San Diego Wave FC,7,0,116,0,1,6,4,1,4,4,1,1,1,0,F
72,Washington Spirit,7,0,72,0,0,3,2,0,3,3,1,0,0,0,F
79,Orlando Pride,5,0,85,1,0,3,1,0,1,3,6,0,0,0,F
80,Portland Thorns,5,0,76,0,0,1,0,0,2,2,2,1,0,0,F
81,Racing Louisville FC,4,0,4,0,0,1,0,0,0,0,0,0,0,0,F
83,Orlando Pride,3,0,9,0,0,0,0,0,0,0,0,1,0,0,F
84,Orlando Pride,2,0,57,0,0,1,0,0,1,0,2,0,0,0,F
86,Washington Spirit,2,0,2,0,0,0,0,0,0,1,0,0,0,0,F
88,Seattle Reign,2,0,45,0,0,1,1,0,0,3,2,1,0,0,F
89,Portland Thorns,1,0,12,0,0,0,0,0,0,0,0,0,0,0,F
90,Orlando Pride,1,0,23,0,0,0,0,0,2,0,0,0,0,0,F
91,San Diego Wave FC,1,0,1,0,0,0,0,0,0,1,0,0,0,0,F
111,Houston Dash,4,0,20,0,0,1,0,0,1,1,1,0,0,0,D
113,Angel City FC,3,0,52,0,0,2,0,0,0,1,0,0,0,0,D
117,NJ/NY Gotham FC,1,0,1,0,0,0,0,0,0,0,0,0,0,0,D
122,San Diego Wave FC,1,0,1,0,0,0,0,0,0,0,0,0,0,0,D
124,Houston Dash,1,0,7,0,0,0,0,0,0,0,0,0,0,0,D
132,Houston Dash,3,0,29,0,0,0,0,0,0,0,0,0,0,0,D
134,Chicago Red Stars,2,0,52,0,0,0,0,0,6,1,1,0,0,0,D
142,Bay FC,4,0,54,0,0,0,0,0,0,0,0,0,0,0,D
144,Orlando Pride,8,0,49,0,0,0,0,0,1,2,1,0,0,0,D
183,Racing Louisville FC,1,0,11,0,0,0,0,0,0,0,0,0,0,0,D
187,Orlando Pride,4,0,33,0,0,0,0,0,1,1,0,0,0,0,M
195,Seattle Reign,2,0,3,0,0,0,0,0,0,0,1,0,0,0,M
196,Racing Louisville FC,8,0,133,0,0,1,1,0,0,0,2,0,0,0,M
197,Kansas City Current,4,0,16,0,0,0,0,0,1,3,1,0,1,0,M
214,Chicago Red Stars,1,0,6,0,0,0,0,0,0,0,0,0,0,0,M
220,Chicago Red Stars,1,0,11,0,0,0,0,0,0,0,0,0,0,0,M
221,Houston Dash,1,0,1,0,0,0,0,0,0,0,0,0,0,0,M
225,Washington Spirit,1,0,19,0,0,0,0,0,0,0,1,0,0,0,M
227,NJ/NY Gotham FC,4,0,19,0,0,0,0,0,0,0,0,0,0,0,M
230,Kansas City Current,4,0,54,0,0,1,1,0,2,3,0,1,0,0,M
239,Chicago Red Stars,1,0,1,0,0,0,0,0,0,0,0,0,0,0,M
251,NJ/NY Gotham FC,1,0,1,0,0,0,0,0,0,0,0,0,0,0,M
264,NJ/NY Gotham FC,5,0,52,0,0,2,1,0,1,1,0,0,0,0,M
271,San Diego Wave FC,7,0,145,0,1,1,0,1,6,1,4,0,0,0,M
308,Washington Spirit,1,0,1,0,0,0,0,0,0,0,0,0,0,0,G
334,Houston Dash,1,0,8,0,0,0,0,0,0,0,0,0,0,0,M
346,Chicago Red Stars,11,0,233,0,0,5,2,0,5,1,5,1,1,0,M
352,Bay FC,1,0,14,0,0,1,0,0,0,0,0,0,0,0,M
357,NJ/NY Gotham FC,1,0,1,0,0,0,0,0,0,1,0,0,0,0,M
369,Utah Royals FC,2,0,2,0,0,0,0,0,1,1,0,0,0,0,M
390,Portland Thorns,1,0,12,0,0,0,0,0,0,0,0,0,0,0,M
391,Seattle Reign,5,0,32,1,0,1,1,0,0,0,1,0,0,0,M
392,North Carolina Courage,2,0,7,0,0,0,0,0,2,0,1,0,0,0,M
396,Racing Louisville FC,1,0,3,0,0,0,0,0,1,0,0,0,0,0,M
406,Racing Louisville FC,12,0,73,0,0,2,1,0,0,4,1,0,1,0,M
409,Washington Spirit,4,0,18,0,0,0,0,0,2,1,1,0,0,0,M
416,Kansas City Current,12,0,134,0,0,0,0,0,6,1,0,0,0,0,M
419,Portland Thorns,6,0,83,0,1,2,2,1,1,4,0,0,0,0,M
424,Seattle Reign,7,0,111,0,0,0,0,0,0,1,2,0,0,0,M
433,Portland Thorns,5,0,34,0,0,0,0,0,2,1,1,0,0,0,M
437,NJ/NY Gotham FC,15,0,195,0,0,0,0,0,6,6,4,0,1,0,M
444,Racing Louisville FC,1,0,12,0,0,0,0,0,1,1,0,0,0,0,D
449,Bay FC,1,0,9,0,0,0,0,0,0,0,0,0,0,0,D
455,Washington Spirit,1,0,1,0,0,0,0,0,0,0,0,0,0,0,D
470,Angel City FC,3,0,29,0,0,0,0,0,1,0,0,0,0,0,D
480,Washington Spirit,2,0,70,0,0,0,0,0,0,0,0,0,0,0,D
530,Houston Dash,3,0,29,0,0,0,0,0,1,0,0,0,0,0,D
548,Orlando Pride,8,0,82,0,1,1,0,1,4,1,0,0,1,0,F
565,Racing Louisville FC,1,0,18,0,0,0,0,0,0,0,0,0,0,0,F
567,Chicago Red Stars,3,0,95,1,0,3,2,0,2,3,1,0,1,0,F
575,Racing Louisville FC,14,0,163,1,0,3,2,0,8,0,0,2,0,0,F
579,Kansas City Current,4,0,88,1,0,1,1,0,0,0,1,0,0,0,F
585,Kansas City Current,3,0,43,0,0,3,0,0,2,2,0,0,0,0,F
586,Angel City FC,5,0,85,0,0,0,0,0,1,5,2,1,1,0,F
595,Orlando Pride,4,0,48,0,0,0,0,0,4,1,3,1,0,0,F
600,Kansas City Current,6,0,45,0,0,2,1,0,4,1,1,0,1,0,F
610,Utah Royals FC,3,0,10,0,0,0,0,0,0,0,0,0,0,0,F
615,Kansas City Current,10,0,131,1,0,1,1,0,1,2,1,1,0,0,F
628,Washington Spirit,15,0,234,2,0,7,4,0,3,9,1,4,0,1,F
629,NJ/NY Gotham FC,4,0,89,0,1,0,0,1,0,5,3,0,1,0,F
644,Seattle Reign,4,0,25,0,0,1,1,0,1,2,0,1,0,0,F
47,North Carolina Courage,16,1,419,0,3,8,7,3,2,1,5,4,0,0,F
64,Washington Spirit,10,1,154,0,0,3,1,0,4,7,3,0,0,0,F
85,North Carolina Courage,2,1,48,0,0,0,0,0,1,0,0,0,0,0,F
103,Orlando Pride,8,1,193,0,0,1,1,0,3,4,1,0,0,0,D
107,San Diego Wave FC,2,1,66,0,0,0,0,0,1,0,0,0,0,0,D
139,Kansas City Current,2,1,91,0,0,0,0,0,0,1,0,0,0,0,D
184,Chicago Red Stars,11,1,176,0,0,4,0,0,0,2,2,0,0,0,M
188,Seattle Reign,6,1,126,0,0,0,0,0,2,1,1,0,0,0,M
189,Racing Louisville FC,2,1,93,0,0,0,0,0,2,1,0,0,0,0,M
202,Houston Dash,7,1,171,0,0,3,1,0,3,12,4,0,2,0,M
210,Washington Spirit,4,1,133,0,0,0,0,0,4,3,1,0,0,0,M
216,Chicago Red Stars,5,1,152,0,0,0,0,0,2,1,1,0,0,0,M
252,Racing Louisville FC,8,1,246,0,1,5,2,1,6,4,6,0,0,0,M
253,Portland Thorns,7,1,195,0,0,2,0,0,4,1,0,1,0,0,M
260,North Carolina Courage,2,1,91,0,0,2,1,0,1,1,0,0,0,0,M
265,Houston Dash,9,1,186,0,0,0,0,0,4,2,0,0,0,0,M
286,Orlando Pride,1,1,90,0,0,0,0,0,0,0,0,0,0,0,G
306,San Diego Wave FC,2,1,117,0,0,0,0,0,0,0,1,0,0,0,G
314,Houston Dash,1,1,90,0,0,0,0,0,0,0,0,0,0,0,G
323,Utah Royals FC,1,1,90,0,0,0,0,0,0,0,0,0,0,0,G
324,Utah Royals FC,1,1,90,0,0,0,0,0,0,0,0,0,0,0,G
335,Racing Louisville FC,3,1,85,0,0,0,0,0,1,2,0,1,1,0,M
388,Seattle Reign,2,1,64,0,0,0,0,0,0,0,0,0,0,0,M
421,Houston Dash,5,1,165,1,0,1,1,0,1,3,1,0,1,0,M
422,North Carolina Courage,12,1,208,2,1,4,4,1,2,3,5,1,2,0,M
428,NJ/NY Gotham FC,12,1,159,0,0,1,0,0,5,3,3,0,1,0,M
432,Orlando Pride,4,1,72,0,0,0,0,0,2,2,0,0,0,0,M
458,Orlando Pride,4,1,75,0,0,0,0,0,3,2,0,0,0,0,D
468,Orlando Pride,8,1,174,0,0,0,0,0,9,8,6,0,0,0,D
503,Utah Royals FC,4,1,114,0,0,0,0,0,3,1,1,0,0,0,D
509,NJ/NY Gotham FC,3,1,81,0,0,0,0,0,0,0,1,0,0,0,D
532,Kansas City Current,3,1,71,0,0,0,0,0,0,0,0,0,0,0,D
550,Chicago Red Stars,1,1,45,0,0,0,0,0,3,0,0,0,0,0,F
566,Bay FC,8,1,97,0,0,0,0,0,1,0,1,1,0,0,F
568,Chicago Red Stars,15,1,215,0,1,4,1,1,3,3,3,2,0,0,F
616,Angel City FC,9,1,196,1,0,5,3,0,4,3,0,2,0,0,F
618,NJ/NY Gotham FC,1,1,45,0,0,1,1,0,0,1,1,0,1,0,F
641,Houston Dash,4,1,107,0,0,0,0,0,1,1,2,0,1,0,F
647,North Carolina Courage,11,1,380,2,2,10,5,2,1,3,4,1,0,0,F
44,Chicago Red Stars,16,2,424,0,0,3,0,0,8,7,10,4,2,0,F
48,Portland Thorns,15,2,336,0,0,12,4,0,2,4,3,5,0,0,F
57,Chicago Red Stars,14,2,372,2,1,5,3,1,4,2,6,3,0,0,F
60,Houston Dash,12,2,357,0,0,5,1,0,2,1,2,4,0,0,F
62,Utah Royals FC,12,2,244,0,0,4,1,0,10,9,1,2,1,0,F
78,NJ/NY Gotham FC,5,2,151,0,0,0,0,0,1,4,1,0,0,0,F
87,Chicago Red Stars,2,2,180,1,0,7,4,0,1,2,3,0,0,0,F
94,Kansas City Current,3,2,225,0,0,0,0,0,3,1,1,0,0,0,D
97,Chicago Red Stars,9,2,273,0,0,0,0,0,3,5,2,2,0,0,D
105,North Carolina Courage,4,2,194,0,0,0,0,0,9,3,1,0,0,0,D
127,Seattle Reign,5,2,222,0,0,1,0,0,2,0,0,0,0,0,D
172,San Diego Wave FC,2,2,180,1,0,1,1,0,1,1,1,0,0,0,D
194,Houston Dash,7,2,253,1,0,3,3,0,2,2,4,0,0,0,M
213,Kansas City Current,4,2,176,0,0,0,0,0,6,2,2,0,0,0,M
237,Chicago Red Stars,3,2,217,0,0,0,0,0,2,0,0,0,0,0,M
256,Washington Spirit,11,2,288,0,0,3,1,0,5,7,7,0,1,0,M
263,Portland Thorns,10,2,264,0,0,0,0,0,8,6,0,0,1,0,M
267,Seattle Reign,16,2,433,0,2,1,1,2,9,16,4,0,5,0,M
282,Washington Spirit,3,2,181,0,0,0,0,0,0,0,1,0,0,0,G
284,Chicago Red Stars,2,2,180,0,0,0,0,0,0,0,0,0,0,0,G
291,Portland Thorns,2,2,210,0,0,0,0,0,0,0,0,0,0,0,G
298,Utah Royals FC,3,2,265,0,0,0,0,0,0,0,0,0,0,0,G
299,Bay FC,2,2,180,0,0,0,0,0,0,0,0,0,0,0,G
328,Chicago Red Stars,3,2,208,0,0,0,0,0,0,0,0,0,0,0,G
332,San Diego Wave FC,6,2,145,0,0,0,0,0,2,1,2,0,0,0,M
340,Houston Dash,17,2,359,0,0,3,1,0,2,1,3,0,0,0,M
365,Utah Royals FC,4,2,209,0,0,5,2,0,7,4,1,0,0,0,M
381,Orlando Pride,13,2,337,0,0,2,0,0,8,4,3,0,1,0,M
384,Orlando Pride,3,2,192,0,0,0,0,0,2,5,6,0,2,0,M
418,Bay FC,2,2,156,0,0,0,0,0,0,2,3,0,0,0,M
431,Utah Royals FC,15,2,254,0,1,2,0,1,9,4,6,0,0,0,M
466,Utah Royals FC,2,2,135,0,0,0,0,0,0,1,3,0,0,0,D
488,Portland Thorns,12,2,248,0,1,2,0,1,4,2,1,0,0,0,D
493,Seattle Reign,5,2,211,0,0,0,0,0,3,1,4,0,1,0,D
505,Bay FC,12,2,260,0,0,2,1,0,8,5,1,2,1,0,D
557,San Diego Wave FC,14,2,263,0,1,4,1,1,2,10,5,3,2,0,F
601,Bay FC,8,2,238,0,0,9,3,0,6,14,5,4,1,0,F
602,Bay FC,9,2,240,0,0,10,3,0,6,14,6,4,1,0,F
606,Seattle Reign,10,2,271,1,0,3,3,0,4,9,5,1,0,0,F
642,North Carolina Courage,5,2,248,1,0,3,2,0,2,1,2,0,0,0,F
58,Chicago Red Stars,14,3,389,1,1,5,2,1,6,13,8,3,1,0,F
61,Washington Spirit,12,3,303,0,1,5,1,1,11,10,3,2,0,0,F
76,Chicago Red Stars,6,3,260,0,1,5,2,1,4,2,1,1,0,0,F
153,Portland Thorns,9,3,415,0,0,1,0,0,1,3,3,0,1,0,D
201,Chicago Red Stars,13,3,304,0,0,3,2,0,1,7,6,0,0,0,M
250,North Carolina Courage,11,3,397,1,0,9,4,0,5,10,6,0,3,0,M
270,Utah Royals FC,8,3,261,0,1,0,0,1,2,1,2,0,0,0,M
275,Utah Royals FC,14,3,341,1,0,8,5,0,7,5,8,1,0,0,M
303,San Diego Wave FC,4,3,271,0,0,0,0,0,0,1,1,0,0,0,G
304,Angel City FC,3,3,270,0,0,0,0,0,0,0,0,0,0,0,G
373,Portland Thorns,8,3,286,0,0,1,0,0,2,1,0,0,0,0,M
376,North Carolina Courage,18,3,306,0,0,2,2,0,12,2,4,0,0,0,M
446,North Carolina Courage,10,3,297,1,0,2,1,0,9,2,6,0,0,0,D
448,Chicago Red Stars,8,3,420,0,0,1,0,0,8,4,0,0,0,0,D
450,Seattle Reign,9,3,275,0,0,3,2,0,6,5,4,0,1,0,D
492,Orlando Pride,9,3,285,0,1,1,1,1,8,4,4,0,1,1,D
498,Angel City FC,13,3,364,0,0,1,1,0,7,1,3,1,1,0,D
515,Racing Louisville FC,3,3,252,0,0,1,0,0,2,1,0,0,0,0,D
523,Angel City FC,5,3,262,0,0,0,0,0,2,2,3,0,0,0,D
576,Chicago Red Stars,9,3,231,0,0,3,1,0,11,2,4,0,0,0,F
578,Chicago Red Stars,7,3,190,0,1,1,0,1,3,3,1,0,0,0,F
589,North Carolina Courage,6,3,309,1,0,6,3,0,2,2,3,0,0,0,F
591,NJ/NY Gotham FC,11,3,307,1,0,1,1,0,8,2,1,3,0,0,F
619,Washington Spirit,25,3,528,3,0,18,9,0,6,2,8,4,1,0,F
639,Utah Royals FC,18,3,553,1,0,10,7,0,6,12,6,7,2,0,F
46,Racing Louisville FC,16,4,486,0,0,13,6,0,4,11,9,3,1,0,F
53,North Carolina Courage,14,4,453,1,1,10,5,1,4,8,6,2,0,0,F
56,Utah Royals FC,14,4,370,0,1,7,0,1,4,11,10,1,3,0,F
63,Utah Royals FC,11,4,479,2,0,13,6,0,1,6,7,0,0,0,F
69,San Diego Wave FC,8,4,344,2,0,7,5,0,3,9,4,3,0,0,F
82,Racing Louisville FC,4,4,255,0,0,4,1,0,1,0,1,2,0,0,F
99,Seattle Reign,11,4,334,0,0,0,0,0,12,3,5,0,0,0,D
148,Orlando Pride,4,4,360,0,0,1,0,0,2,9,2,0,1,0,D
186,Houston Dash,5,4,309,1,0,9,3,0,5,5,7,0,0,0,M
190,Racing Louisville FC,22,4,492,2,0,2,2,0,4,16,10,0,0,0,M
219,Orlando Pride,5,4,239,0,0,2,0,0,2,2,2,0,1,0,M
319,NJ/NY Gotham FC,4,4,360,0,0,0,0,0,0,0,0,0,0,0,G
370,Chicago Red Stars,18,4,607,0,2,3,1,2,7,13,13,0,1,0,M
382,Bay FC,4,4,296,1,0,2,1,0,6,7,6,0,1,0,M
383,NJ/NY Gotham FC,13,4,405,0,0,3,0,0,11,10,4,0,3,0,M
427,Utah Royals FC,6,4,267,0,0,2,0,0,3,2,0,0,0,0,M
536,San Diego Wave FC,14,4,513,0,0,3,2,0,13,5,6,1,2,0,D
547,San Diego Wave FC,14,4,567,1,0,9,5,0,5,7,8,1,0,0,F
570,Portland Thorns,14,4,453,2,0,8,7,0,4,3,6,4,0,0,F
21,Kansas City Current,20,5,587,2,2,11,4,2,3,16,6,6,0,0,F
39,San Diego Wave FC,17,5,467,2,0,13,6,0,8,3,15,3,1,0,F
51,Kansas City Current,15,5,529,2,1,10,5,1,5,3,6,2,0,0,F
66,NJ/NY Gotham FC,10,5,441,3,0,6,5,0,0,10,5,5,1,0,F
68,Washington Spirit,9,5,431,0,0,5,4,0,5,3,15,2,1,0,F
73,Kansas City Current,7,5,396,0,2,7,4,2,5,8,0,4,0,0,F
74,Washington Spirit,7,5,443,1,1,7,3,1,8,7,4,1,1,0,F
77,Racing Louisville FC,6,5,351,1,0,12,6,0,0,10,3,4,0,0,F
101,Washington Spirit,7,5,463,0,0,1,0,0,5,8,2,0,3,0,D
126,Racing Louisville FC,9,5,578,0,1,0,0,1,7,7,2,0,2,0,D
173,NJ/NY Gotham FC,8,5,454,1,1,6,2,1,6,7,4,2,1,0,D
181,North Carolina Courage,8,5,440,0,0,1,0,0,5,1,3,0,0,0,D
215,Racing Louisville FC,10,5,460,0,1,10,3,1,9,19,13,0,1,0,M
222,Utah Royals FC,6,5,408,0,0,5,3,0,9,8,5,1,0,0,M
246,Angel City FC,11,5,410,0,0,2,0,0,5,5,2,0,1,0,M
280,NJ/NY Gotham FC,16,5,484,0,0,4,1,0,12,11,9,1,1,0,M
281,Angel City FC,5,5,450,0,0,0,0,0,0,0,0,0,0,0,G
305,Portland Thorns,5,5,450,0,0,0,0,0,0,0,0,0,0,0,G
343,Utah Royals FC,11,5,477,0,0,3,2,0,12,17,11,1,2,0,M
452,Seattle Reign,6,5,495,0,0,1,0,0,5,3,4,0,0,0,D
507,San Diego Wave FC,6,5,382,0,0,3,0,0,9,6,10,2,2,0,D
541,Washington Spirit,16,5,554,1,0,2,2,0,16,6,6,1,2,0,D
543,Seattle Reign,8,5,389,0,0,0,0,0,13,4,2,0,0,0,D
555,San Diego Wave FC,10,5,446,1,0,7,4,0,14,8,8,1,0,0,F
574,Houston Dash,7,5,328,0,0,3,3,0,2,0,2,1,0,0,F
32,Orlando Pride,19,6,735,1,1,22,12,1,14,10,7,9,2,0,F
49,North Carolina Courage,15,6,502,2,1,9,6,1,8,7,6,1,2,0,F
55,Angel City FC,14,6,599,2,1,12,10,1,2,4,8,2,0,0,F
70,NJ/NY Gotham FC,8,6,592,3,0,14,11,0,7,3,12,2,1,0,F
75,Chicago Red Stars,7,6,413,0,0,1,0,0,6,3,7,1,0,0,F
98,Washington Spirit,13,6,610,0,0,2,0,0,1,8,4,0,1,0,D
108,Bay FC,6,6,540,1,0,3,1,0,1,1,2,0,1,0,D
119,NJ/NY Gotham FC,10,6,516,0,0,0,0,0,4,8,2,0,1,0,D
156,Racing Louisville FC,13,6,562,0,0,3,0,0,7,6,2,2,1,0,D
164,Portland Thorns,20,6,765,1,0,3,2,0,31,8,6,1,0,0,D
218,Racing Louisville FC,17,6,678,1,0,17,8,0,15,24,11,5,4,0,M
229,NJ/NY Gotham FC,7,6,552,1,2,10,7,2,6,5,5,0,0,0,M
249,North Carolina Courage,26,6,720,2,0,6,4,0,14,10,32,0,0,0,M
254,Houston Dash,6,6,469,0,0,2,0,0,9,12,0,0,2,0,M
358,Kansas City Current,18,6,576,1,0,13,5,0,15,9,5,1,0,0,M
368,North Carolina Courage,8,6,461,1,0,7,2,0,6,2,9,0,0,0,M
404,North Carolina Courage,19,6,576,0,1,3,1,1,9,5,21,8,1,0,M
423,Washington Spirit,13,6,585,1,0,4,2,0,7,13,3,0,2,0,M
445,Bay FC,8,6,415,0,0,1,1,0,3,6,1,0,1,0,D
459,Houston Dash,8,6,542,0,0,1,0,0,7,7,7,1,2,0,D
475,Seattle Reign,7,6,477,0,0,0,0,0,6,9,1,0,1,0,D
486,Racing Louisville FC,8,6,591,0,0,0,0,0,3,1,2,1,0,0,D
517,Orlando Pride,9,6,618,0,0,3,1,0,1,4,1,0,1,0,D
545,Seattle Reign,21,6,535,1,0,16,4,0,7,7,1,1,0,0,F
571,Chicago Red Stars,7,6,530,3,0,8,3,0,14,11,10,3,0,1,F
598,Portland Thorns,19,6,741,2,1,21,15,1,22,12,8,6,2,0,F
608,Washington Spirit,15,6,745,5,3,15,11,3,9,5,6,1,0,0,F
645,Houston Dash,16,6,727,1,1,9,6,1,7,4,6,3,0,0,F
4,San Diego Wave FC,22,7,693,2,2,18,10,2,5,19,2,4,1,0,F
27,Angel City FC,19,7,714,3,1,16,10,1,8,19,11,6,3,0,F
38,Angel City FC,18,7,729,1,0,6,2,0,16,16,15,0,0,0,F
42,North Carolina Courage,17,7,642,1,1,5,2,1,6,12,4,4,0,0,F
115,San Diego Wave FC,10,7,696,2,0,3,2,0,5,8,1,0,1,0,D
150,Utah Royals FC,15,7,705,0,0,1,0,0,11,3,8,0,0,0,D
157,Bay FC,9,7,698,0,1,1,0,1,9,5,10,0,2,0,D
162,Orlando Pride,7,7,610,1,0,7,4,0,9,6,1,0,1,0,D
211,Angel City FC,7,7,574,1,0,5,2,0,4,15,4,0,1,0,M
212,NJ/NY Gotham FC,21,7,879,0,1,3,3,1,21,19,9,4,4,0,M
231,Angel City FC,17,7,685,1,4,8,5,4,13,13,7,3,2,0,M
232,Orlando Pride,15,7,561,0,0,1,1,0,9,8,5,0,0,0,M
238,North Carolina Courage,7,7,544,1,1,9,5,1,7,5,10,1,2,0,M
429,Seattle Reign,15,7,766,0,0,3,0,0,13,10,7,0,1,0,M
561,Angel City FC,21,7,679,1,0,16,7,0,7,14,4,8,3,0,F
562,San Diego Wave FC,17,7,626,2,0,17,9,0,2,17,5,12,1,0,F
563,San Diego Wave FC,10,7,639,2,3,9,6,3,8,4,7,1,0,0,F
637,Utah Royals FC,7,7,511,1,0,13,9,0,8,12,12,2,2,0,F
41,San Diego Wave FC,17,8,873,2,1,10,7,1,9,17,5,14,2,0,F
155,NJ/NY Gotham FC,15,8,652,0,0,6,2,0,8,14,9,3,3,0,D
160,Utah Royals FC,17,8,856,1,1,4,1,1,15,18,23,0,4,0,D
163,Angel City FC,9,8,793,0,0,1,1,0,8,3,5,1,0,0,D
171,Kansas City Current,11,8,695,1,0,4,2,0,7,3,1,0,1,0,D
175,Houston Dash,12,8,741,0,0,1,1,0,10,1,2,0,0,0,D
207,Angel City FC,12,8,581,0,0,5,1,0,9,9,11,3,0,0,M
223,Portland Thorns,12,8,632,1,0,2,2,0,7,3,9,0,0,0,M
258,Angel City FC,14,8,658,1,0,6,2,0,14,12,14,1,1,0,M
316,Seattle Reign,9,8,750,0,0,0,0,0,0,2,2,0,2,0,G
333,Seattle Reign,20,8,687,1,0,4,2,0,16,3,6,1,2,0,M
399,Angel City FC,13,8,706,0,0,2,1,0,7,11,10,0,4,0,M
402,Utah Royals FC,11,8,652,0,0,3,1,0,12,20,5,0,2,0,M
414,Washington Spirit,10,8,775,2,1,10,5,1,16,5,12,0,1,0,M
434,North Carolina Courage,21,8,835,1,0,2,1,0,15,9,5,0,0,0,M
436,Angel City FC,10,8,746,0,1,8,1,1,15,12,5,0,2,0,M
451,NJ/NY Gotham FC,22,8,898,0,2,5,1,2,10,22,12,0,3,1,D
461,Seattle Reign,10,8,717,0,1,3,1,1,9,6,4,3,0,0,D
497,Orlando Pride,13,8,696,0,0,0,0,0,9,13,8,0,1,1,D
506,Washington Spirit,9,8,764,0,0,1,1,0,7,7,3,0,1,0,D
539,San Diego Wave FC,15,8,725,0,0,0,0,0,7,2,1,1,1,0,D
594,Utah Royals FC,9,8,665,4,0,13,11,0,5,15,6,2,1,0,F
634,North Carolina Courage,22,8,781,3,1,7,4,1,18,22,8,8,4,0,F
640,Portland Thorns,23,8,938,5,2,26,18,2,1,6,9,4,1,0,F
54,Seattle Reign,14,9,664,0,0,8,3,0,8,6,8,7,1,0,F
161,Houston Dash,9,9,793,1,0,1,1,0,6,10,1,0,0,0,D
170,Portland Thorns,10,9,671,0,0,3,0,0,3,0,2,0,0,0,D
233,Bay FC,10,9,796,0,4,4,1,4,10,12,3,0,1,0,M
266,North Carolina Courage,10,9,633,1,0,3,2,0,11,9,3,0,1,0,M
287,Seattle Reign,9,9,810,0,0,0,0,0,0,0,2,0,0,0,G
338,Chicago Red Stars,18,9,791,1,0,3,1,0,21,15,11,0,2,0,M
405,North Carolina Courage,20,9,764,3,2,14,9,2,4,14,8,1,0,0,M
473,NJ/NY Gotham FC,18,9,902,1,2,4,2,2,15,7,12,1,3,0,D
479,Houston Dash,11,9,804,0,0,3,3,0,5,3,0,0,1,0,D
518,Chicago Red Stars,9,9,801,1,0,5,2,0,15,6,4,0,0,0,D
592,Washington Spirit,10,9,735,0,2,24,14,2,12,15,15,5,2,1,F
617,Kansas City Current,15,9,794,2,2,17,8,2,12,15,3,12,0,0,F
18,Chicago Red Stars,20,10,961,3,0,13,4,0,11,14,29,0,2,0,F
33,Angel City FC,18,10,918,3,2,12,6,2,12,4,15,3,0,0,F
131,Racing Louisville FC,16,10,958,0,0,0,0,0,8,6,0,0,1,0,D
235,NJ/NY Gotham FC,11,10,939,1,0,3,2,0,18,6,2,0,2,0,M
255,Seattle Reign,18,10,875,1,2,3,1,2,10,7,4,0,1,0,M
272,Orlando Pride,13,10,806,0,3,8,3,3,8,4,14,1,0,0,M
274,San Diego Wave FC,11,10,856,0,0,9,4,0,10,6,3,1,2,0,M
290,Utah Royals FC,10,10,929,0,0,0,0,0,0,1,3,0,1,1,G
294,NJ/NY Gotham FC,10,10,900,0,0,0,0,0,0,0,2,0,1,0,G
329,Bay FC,17,10,915,3,2,10,5,2,22,8,3,0,2,0,M
339,Racing Louisville FC,14,10,826,1,2,14,6,2,16,17,11,0,3,0,M
366,Angel City FC,19,10,975,1,0,11,6,0,12,8,29,1,1,0,M
378,Chicago Red Stars,24,10,1128,3,2,18,11,2,19,24,10,7,1,0,M
400,Chicago Red Stars,19,10,975,1,1,10,2,1,14,16,8,1,2,0,M
438,Utah Royals FC,10,10,846,2,3,14,9,3,18,12,6,0,1,0,M
467,Houston Dash,11,10,913,0,0,5,0,0,17,6,26,1,1,0,D
472,Utah Royals FC,12,10,894,0,0,1,0,0,19,16,9,0,3,0,D
535,Angel City FC,15,10,887,0,1,3,2,1,23,8,11,0,1,0,D
537,Angel City FC,17,10,824,1,2,9,7,2,16,12,5,1,0,0,D
551,Houston Dash,12,10,840,2,0,5,3,0,16,18,11,2,3,0,F
588,Racing Louisville FC,12,10,756,5,0,15,7,0,15,17,15,2,2,0,F
607,San Diego Wave FC,13,10,846,0,1,22,13,1,4,14,13,6,1,0,F
609,Utah Royals FC,18,10,979,0,0,13,8,0,6,5,9,4,0,0,F
43,Houston Dash,17,11,905,1,2,31,18,2,3,16,4,8,0,0,F
50,NJ/NY Gotham FC,15,11,977,4,4,27,17,4,10,15,11,5,4,0,F
104,Houston Dash,12,11,989,0,0,2,1,0,21,12,9,0,1,0,D
114,NJ/NY Gotham FC,16,11,1043,0,1,4,1,1,12,4,17,0,1,0,D
145,Seattle Reign,12,11,974,0,1,1,0,1,20,11,7,0,2,0,D
168,Kansas City Current,22,11,1250,3,2,8,4,2,20,11,16,1,3,0,D
205,Kansas City Current,11,11,961,0,2,13,7,2,11,15,15,1,1,0,M
208,Orlando Pride,16,11,832,2,3,16,6,3,6,12,11,4,2,0,M
326,Kansas City Current,11,11,990,0,0,0,0,0,0,0,4,0,0,0,G
341,Washington Spirit,25,11,987,1,0,13,7,0,25,16,5,1,0,0,M
367,Orlando Pride,19,11,869,0,0,7,3,0,14,10,6,0,3,0,M
371,Chicago Red Stars,11,11,939,0,0,4,0,0,8,1,5,1,0,0,M
442,Kansas City Current,19,11,1063,1,0,2,1,0,6,9,7,0,0,0,D
511,Portland Thorns,19,11,1011,0,0,2,0,0,18,11,11,0,0,0,D
524,Kansas City Current,11,11,926,1,0,4,3,0,15,9,10,0,2,0,D
596,Seattle Reign,23,11,1170,3,1,17,5,1,18,14,24,6,0,0,F
646,NJ/NY Gotham FC,18,11,1057,4,3,34,16,3,26,15,5,4,1,0,F
649,Kansas City Current,16,11,868,5,4,25,10,4,12,14,17,4,0,0,F
6,San Diego Wave FC,22,12,1205,3,2,25,15,2,10,10,16,3,1,0,F
52,Kansas City Current,14,12,861,2,0,13,8,0,1,6,11,2,1,0,F
59,Bay FC,13,12,804,1,2,13,5,2,7,6,7,5,0,0,F
93,Kansas City Current,13,12,963,0,0,5,2,0,7,5,6,1,1,0,D
152,Orlando Pride,15,12,1102,0,0,2,1,0,13,6,4,0,3,0,D
226,Washington Spirit,13,12,916,0,1,4,1,1,18,10,9,0,1,0,M
242,NJ/NY Gotham FC,14,12,1098,0,2,13,3,2,15,8,13,0,0,0,M
245,Portland Thorns,22,12,1205,2,3,24,13,3,16,8,8,4,1,0,M
273,Seattle Reign,19,12,1086,1,0,5,3,0,14,5,6,1,0,0,M
288,Kansas City Current,12,12,1080,0,0,0,0,0,1,0,4,0,1,0,G
342,Bay FC,21,12,1079,2,1,26,11,1,15,8,14,0,1,0,M
355,NJ/NY Gotham FC,20,12,1059,1,2,12,9,2,30,14,10,9,2,0,M
359,Racing Louisville FC,24,12,1128,1,1,16,10,1,27,51,37,6,10,0,M
377,Seattle Reign,15,12,895,1,0,6,3,0,19,14,1,1,1,1,M
387,North Carolina Courage,18,12,1141,2,1,20,7,1,12,14,25,2,0,0,M
412,Houston Dash,15,12,1021,0,1,6,2,1,21,15,5,0,2,0,M
435,Portland Thorns,15,12,1020,4,0,27,16,0,12,10,4,2,0,0,M
441,Kansas City Current,19,12,1216,1,3,3,2,3,14,8,0,0,0,0,D
457,NJ/NY Gotham FC,12,12,979,0,0,0,0,0,17,12,11,0,3,0,D
481,NJ/NY Gotham FC,17,12,1115,1,0,2,1,0,8,10,8,0,2,0,D
482,Seattle Reign,19,12,1185,0,0,6,1,0,14,4,2,3,0,0,D
487,Bay FC,18,12,1109,0,2,2,1,2,22,11,6,2,1,0,D
510,Portland Thorns,13,12,1018,0,2,4,0,2,9,11,4,0,1,0,D
538,San Diego Wave FC,13,12,1008,1,0,5,1,0,10,6,17,0,1,0,D
587,San Diego Wave FC,19,12,855,2,0,15,8,0,13,8,10,4,0,0,F
625,Racing Louisville FC,26,12,1480,5,1,30,18,1,26,23,10,9,2,0,F
632,Kansas City Current,20,12,919,1,2,14,8,2,8,6,11,1,1,0,F
643,Orlando Pride,25,12,1081,3,4,26,14,4,17,15,15,14,1,0,F
13,Seattle Reign,21,13,1307,6,2,20,10,2,16,22,31,7,3,0,F
16,Angel City FC,21,13,1177,4,2,15,9,2,15,17,12,7,1,0,F
25,Portland Thorns,20,13,1037,3,1,20,10,1,10,4,3,1,0,0,F
40,Houston Dash,17,13,1013,4,1,23,9,1,8,15,14,3,1,1,F
140,Seattle Reign,13,13,1120,0,0,1,0,0,6,8,6,0,1,0,D
147,San Diego Wave FC,14,13,1170,1,0,4,1,0,16,10,6,1,4,0,D
185,Bay FC,18,13,1083,1,0,16,8,0,23,15,4,3,4,0,M
234,Kansas City Current,19,13,1280,2,0,5,2,0,11,21,12,0,4,0,M
276,Orlando Pride,16,13,1106,0,1,2,0,1,7,8,9,0,0,0,M
364,Chicago Red Stars,17,13,1156,1,0,4,1,0,21,17,9,0,2,0,M
374,Seattle Reign,20,13,1177,0,1,11,2,1,28,27,29,2,8,0,M
393,Washington Spirit,23,13,1212,1,1,5,1,1,22,10,3,0,3,0,M
408,Seattle Reign,15,13,1078,0,0,5,2,0,17,8,10,0,0,0,M
411,Angel City FC,20,13,1139,1,0,12,6,0,22,30,19,0,3,0,M
477,Utah Royals FC,13,13,1107,1,0,4,2,0,18,14,7,1,1,0,D
504,Chicago Red Stars,17,13,1133,0,0,1,1,0,27,11,6,1,1,0,D
581,Bay FC,19,13,1179,1,2,21,11,2,21,13,14,5,0,0,F
627,San Diego Wave FC,22,13,1252,4,1,20,12,1,23,14,23,1,1,0,F
8,Utah Royals FC,22,14,1155,3,0,18,12,0,11,10,8,5,1,0,F
22,North Carolina Courage,20,14,1214,6,0,32,16,0,9,17,10,16,3,0,F
37,Portland Thorns,18,14,1283,11,5,60,39,5,9,15,27,11,2,0,F
45,Bay FC,16,14,1184,3,1,22,12,1,8,16,20,1,3,0,F
92,Orlando Pride,20,14,1256,1,0,22,12,0,25,20,10,1,1,0,D
123,Angel City FC,20,14,1285,1,1,8,2,1,20,20,4,0,3,0,D
191,Bay FC,20,14,1274,0,2,4,2,2,24,9,14,0,1,0,M
206,Racing Louisville FC,20,14,1306,0,0,15,6,0,15,9,16,1,2,0,M
224,Seattle Reign,16,14,1304,0,0,15,7,0,36,32,26,1,4,0,M
353,Angel City FC,18,14,1171,1,3,13,10,3,13,21,23,0,2,0,M
356,Orlando Pride,24,14,1349,0,1,1,0,1,24,3,4,0,1,0,M
453,Utah Royals FC,21,14,1321,0,0,1,1,0,30,4,14,0,1,0,D
485,Houston Dash,16,14,1239,1,1,5,3,1,9,9,15,0,2,0,D
522,Utah Royals FC,14,14,1260,0,1,4,0,1,7,6,10,0,1,0,D
549,Houston Dash,24,14,1347,0,1,16,6,1,8,17,18,11,3,0,F
552,Racing Louisville FC,16,14,1051,1,1,18,5,1,9,4,11,11,0,0,F
611,Houston Dash,21,14,1065,2,1,7,5,1,8,16,13,2,2,0,F
17,Racing Louisville FC,21,15,1212,4,1,27,13,1,5,12,4,14,1,0,F
23,Houston Dash,20,15,1332,3,0,25,12,0,9,14,9,4,0,0,F
36,Seattle Reign,18,15,1195,4,5,33,18,5,8,17,24,9,2,0,F
159,Racing Louisville FC,18,15,1242,1,0,4,2,0,11,13,9,0,1,1,D
166,Angel City FC,19,15,1326,1,0,3,2,0,32,17,10,1,3,0,D
192,Chicago Red Stars,19,15,1334,0,5,10,2,5,24,17,22,1,3,0,M
278,North Carolina Courage,21,15,1448,0,1,8,3,1,15,21,18,2,2,0,M
301,NJ/NY Gotham FC,15,15,1349,0,0,0,0,0,0,0,3,0,0,0,G
330,Houston Dash,24,15,1186,1,1,14,8,1,20,31,28,3,3,0,M
478,Angel City FC,23,15,1381,0,0,6,2,0,15,21,10,0,5,0,D
534,Utah Royals FC,15,15,1318,2,1,10,4,1,11,25,11,0,5,0,D
559,Chicago Red Stars,24,15,1377,1,2,18,6,2,11,20,24,5,4,0,F
582,Bay FC,22,15,1404,4,3,21,9,3,18,23,13,6,6,0,F
5,Angel City FC,22,16,1379,6,0,31,12,0,14,20,6,11,2,0,F
10,NJ/NY Gotham FC,22,16,1307,4,1,16,8,1,19,26,14,0,1,0,F
34,Bay FC,18,16,1141,0,0,6,4,0,24,18,20,11,3,0,F
125,NJ/NY Gotham FC,16,16,1391,0,0,4,1,0,14,10,0,0,2,0,D
141,Houston Dash,17,16,1387,0,0,2,1,0,12,12,11,0,0,1,D
143,NJ/NY Gotham FC,18,16,1352,0,1,2,0,1,20,18,17,1,3,0,D
178,Angel City FC,19,16,1288,3,1,21,10,1,22,18,11,4,2,0,D
228,Kansas City Current,17,16,1448,2,1,16,6,1,20,12,41,2,2,0,M
268,Portland Thorns,19,16,1372,6,3,24,12,3,23,12,18,0,3,0,M
302,Seattle Reign,16,16,1440,0,0,0,0,0,0,0,3,0,0,0,G
337,Washington Spirit,17,16,1389,5,10,19,10,10,21,11,26,4,1,0,M
389,San Diego Wave FC,20,16,1449,1,1,12,5,1,15,14,29,4,3,0,M
440,Chicago Red Stars,17,16,1449,0,1,2,1,1,9,8,3,2,3,0,D
531,Chicago Red Stars,16,16,1440,1,2,9,4,2,10,13,5,1,3,0,D
540,Kansas City Current,25,16,1601,1,0,9,5,0,30,14,14,3,3,0,D
633,Angel City FC,24,16,1625,0,0,7,5,0,31,23,30,2,4,0,F
2,Seattle Reign,23,17,1663,5,0,27,16,0,11,23,27,8,1,0,F
12,Kansas City Current,21,17,1634,3,1,32,16,1,26,28,29,7,5,0,F
19,Angel City FC,20,17,1347,3,5,23,10,5,18,13,13,5,0,0,F
35,Orlando Pride,18,17,1445,4,4,21,15,4,16,18,23,2,1,0,F
128,Portland Thorns,22,17,1576,1,0,10,6,0,24,11,7,0,4,1,D
149,Bay FC,18,17,1521,0,0,1,0,0,16,6,1,0,0,0,D
193,Racing Louisville FC,18,17,1459,1,0,23,10,0,23,20,28,0,4,0,M
198,Utah Royals FC,22,17,1512,2,1,13,5,1,38,35,19,0,2,0,M
203,Kansas City Current,18,17,1526,9,2,31,17,2,11,13,11,5,1,0,M
236,Kansas City Current,18,17,1432,0,2,13,6,2,19,31,13,2,3,0,M
277,Racing Louisville FC,18,17,1311,2,2,18,9,2,11,8,7,3,2,0,M
311,Kansas City Current,17,17,1530,0,0,0,0,0,1,1,0,0,1,0,G
347,Houston Dash,24,17,1595,4,2,23,9,2,35,50,32,8,6,0,M
360,Seattle Reign,18,17,1400,0,3,10,6,3,18,12,25,1,0,0,M
363,Utah Royals FC,23,17,1537,1,2,12,6,2,18,21,10,3,4,0,M
386,Chicago Red Stars,20,17,1527,0,2,2,1,2,22,11,7,0,2,0,M
443,Seattle Reign,21,17,1497,0,0,1,0,0,14,8,5,0,1,0,D
495,Bay FC,23,17,1471,0,0,5,2,0,39,18,21,1,2,0,D
569,Kansas City Current,23,17,1502,3,3,24,11,3,24,29,30,3,2,0,F
572,San Diego Wave FC,24,17,1419,3,1,20,7,1,15,11,16,2,0,0,F
584,Seattle Reign,18,17,1509,3,1,27,15,1,15,15,19,2,2,0,F
630,Portland Thorns,25,17,1317,4,1,20,12,1,10,10,9,5,2,0,F
635,NJ/NY Gotham FC,24,17,1325,7,4,23,12,4,18,32,26,4,1,0,F
20,NJ/NY Gotham FC,20,18,1468,6,2,25,14,2,20,2,23,3,0,0,F
30,Houston Dash,19,18,1574,3,2,9,5,2,13,18,19,5,2,0,F
96,North Carolina Courage,18,18,1563,0,0,3,2,0,13,8,5,0,0,1,D
109,NJ/NY Gotham FC,18,18,1613,0,0,1,0,0,16,7,8,0,1,0,D
165,Utah Royals FC,19,18,1632,0,0,2,1,0,12,6,11,0,1,0,D
204,Racing Louisville FC,18,18,1588,5,2,37,14,2,20,32,67,1,5,1,M
209,NJ/NY Gotham FC,20,18,1427,5,2,27,20,2,27,14,23,7,0,0,M
262,NJ/NY Gotham FC,21,18,1509,1,2,18,5,2,13,22,14,3,0,0,M
289,Angel City FC,18,18,1620,0,0,0,0,0,0,1,1,0,3,0,G
310,Seattle Reign,18,18,1590,0,0,0,0,0,0,0,3,0,0,0,G
345,San Diego Wave FC,23,18,1558,0,0,11,3,0,23,18,31,0,3,0,M
380,NJ/NY Gotham FC,23,18,1596,8,1,48,31,1,26,10,11,3,1,0,M
397,Portland Thorns,23,18,1595,5,2,36,18,2,21,24,21,5,2,0,M
407,Houston Dash,23,18,1589,0,2,12,4,2,22,25,11,1,5,0,M
464,NJ/NY Gotham FC,21,18,1625,1,0,4,2,0,24,9,16,0,1,0,D
512,Racing Louisville FC,23,18,1699,0,0,4,1,0,16,10,3,0,3,0,D
525,Kansas City Current,22,18,1528,1,2,10,3,2,25,15,10,1,1,0,D
556,Racing Louisville FC,26,18,1611,4,3,36,14,3,10,8,18,6,1,0,F
558,Utah Royals FC,24,18,1674,2,0,31,13,0,5,18,9,8,2,0,F
583,North Carolina Courage,24,18,1471,3,1,26,10,1,11,21,19,10,2,0,F
590,Seattle Reign,23,18,1348,2,1,28,16,1,16,15,14,7,1,1,F
648,Orlando Pride,28,18,1407,5,2,17,10,2,17,17,41,1,0,0,F
1,Racing Louisville FC,25,19,1522,6,2,32,15,2,26,24,27,8,1,0,F
24,North Carolina Courage,20,19,1603,5,1,29,18,1,10,9,6,4,0,0,F
26,Orlando Pride,19,19,1645,6,4,41,25,4,17,20,35,5,2,0,F
28,North Carolina Courage,19,19,1621,10,3,43,21,3,11,19,29,11,3,0,F
29,San Diego Wave FC,19,19,1629,7,5,49,29,5,9,26,24,19,1,0,F
31,Washington Spirit,19,19,1635,5,2,51,31,2,21,31,31,9,3,1,F
100,NJ/NY Gotham FC,20,19,1688,2,1,5,3,1,22,17,15,1,2,0,D
118,North Carolina Courage,19,19,1603,0,2,6,2,2,14,14,20,2,0,1,D
129,Seattle Reign,20,19,1727,1,2,10,5,2,21,13,15,1,3,0,D
151,Chicago Red Stars,21,19,1787,1,1,3,1,1,30,20,9,0,3,0,D
158,Orlando Pride,20,19,1693,0,0,10,5,0,12,6,6,1,3,0,D
167,Kansas City Current,20,19,1701,0,0,2,1,0,15,7,13,0,2,0,D
182,Racing Louisville FC,20,19,1588,1,0,9,4,0,8,5,12,0,2,0,D
217,Seattle Reign,20,19,1565,4,1,32,13,1,12,7,15,3,2,0,M
269,Washington Spirit,19,19,1706,0,0,14,3,0,27,27,19,0,4,0,M
295,Orlando Pride,19,19,1623,0,0,0,0,0,0,1,2,0,0,1,G
331,Orlando Pride,24,19,1753,2,3,15,7,3,24,21,24,1,2,0,M
336,Bay FC,27,19,1778,1,2,18,5,2,24,12,18,1,1,0,M
348,Kansas City Current,24,19,1642,4,5,30,11,5,18,6,9,7,0,0,M
354,Orlando Pride,27,19,1449,2,1,25,14,1,19,17,23,2,3,0,M
425,Portland Thorns,22,19,1757,2,4,7,3,4,29,22,44,2,2,0,M
430,San Diego Wave FC,26,19,1887,1,0,17,4,0,22,18,8,0,3,0,M
484,Seattle Reign,19,19,1710,2,0,7,3,0,16,13,20,2,4,0,D
514,Bay FC,21,19,1768,1,1,10,4,1,15,23,13,0,2,0,D
520,Angel City FC,23,19,1793,0,0,8,3,0,23,7,6,0,3,0,D
580,Washington Spirit,27,19,1736,7,3,42,24,3,15,18,22,5,0,0,F
597,Angel City FC,25,19,1743,7,1,23,14,1,11,15,17,19,1,0,F
612,Houston Dash,24,19,1720,5,0,32,17,0,7,30,20,4,2,0,F
623,Washington Spirit,19,19,1341,8,2,38,22,2,10,17,25,11,1,0,F
631,Portland Thorns,20,19,1638,12,6,65,45,6,10,20,31,13,1,1,F
3,San Diego Wave FC,23,20,1585,6,3,35,19,3,19,21,25,0,2,0,F
15,North Carolina Courage,21,20,1574,4,1,27,15,1,23,38,7,9,3,0,F
120,San Diego Wave FC,20,20,1800,0,0,0,0,0,16,5,5,0,0,0,D
130,Houston Dash,20,20,1689,0,0,3,0,0,4,15,13,0,4,1,D
135,NJ/NY Gotham FC,20,20,1634,0,0,3,1,0,13,9,6,0,2,0,D
136,Washington Spirit,20,20,1711,0,2,4,2,2,18,12,21,2,0,0,D
137,Chicago Red Stars,22,20,1859,1,2,11,2,2,36,12,20,1,3,0,D
247,NJ/NY Gotham FC,23,20,1825,3,0,26,11,0,43,16,14,0,6,0,M
259,NJ/NY Gotham FC,24,20,1831,2,1,32,12,1,20,23,43,1,5,0,M
261,Houston Dash,20,20,1720,0,0,16,5,0,29,25,32,0,3,0,M
292,Washington Spirit,20,20,1799,0,0,0,0,0,2,0,3,0,0,0,G
297,Chicago Red Stars,20,20,1800,0,0,0,0,0,1,0,5,0,0,0,G
300,San Diego Wave FC,20,20,1799,0,0,0,0,0,0,1,7,0,0,1,G
349,Racing Louisville FC,21,20,1753,5,2,37,19,2,21,44,86,0,5,0,M
351,Racing Louisville FC,23,20,1761,1,2,8,4,2,8,2,10,1,0,0,M
462,Angel City FC,22,20,1595,1,1,12,4,1,45,25,16,0,5,0,D
474,San Diego Wave FC,20,20,1715,0,0,1,0,0,17,8,2,0,3,0,D
483,Portland Thorns,21,20,1809,0,2,3,0,2,20,22,6,0,6,0,D
513,Orlando Pride,26,20,1842,2,2,13,8,2,17,14,3,0,2,0,D
577,NJ/NY Gotham FC,23,20,1791,10,4,45,23,4,6,24,11,17,1,0,F
599,North Carolina Courage,22,20,1482,4,2,29,9,2,13,19,13,13,1,0,F
605,Utah Royals FC,22,20,1578,2,1,22,8,1,19,14,18,5,2,0,F
624,Chicago Red Stars,23,20,1340,7,0,15,9,0,14,15,11,2,0,0,F
9,San Diego Wave FC,22,21,1742,4,4,25,12,4,8,10,29,0,3,0,F
11,NJ/NY Gotham FC,22,21,1951,8,3,67,37,3,32,26,1,5,1,0,F
14,Washington Spirit,21,21,1833,1,1,15,3,1,19,17,10,0,4,0,F
106,Kansas City Current,21,21,1845,0,2,2,0,2,17,10,6,0,3,1,D
110,Utah Royals FC,22,21,1829,0,1,4,1,1,18,24,16,1,3,0,D
133,Portland Thorns,21,21,1714,0,3,7,2,3,15,13,17,2,2,0,D
154,Houston Dash,21,21,1864,1,0,12,3,0,27,16,7,0,3,0,D
241,Washington Spirit,21,21,1847,3,1,15,7,1,24,12,7,0,0,1,M
248,North Carolina Courage,21,21,1842,1,1,6,1,1,37,27,30,0,3,0,M
257,Chicago Red Stars,21,21,1830,1,0,6,3,0,27,21,16,1,2,0,M
283,Portland Thorns,21,21,1890,1,0,1,1,0,0,2,3,0,2,0,G
296,North Carolina Courage,21,21,1852,0,0,0,0,0,2,0,2,0,0,0,G
325,Bay FC,21,21,1920,0,0,0,0,0,0,1,1,0,1,0,G
375,Kansas City Current,24,21,1827,0,1,24,10,1,54,21,18,1,3,0,M
398,Portland Thorns,26,21,1915,0,2,7,2,2,49,17,11,1,2,0,M
415,Houston Dash,23,21,1836,0,0,11,5,0,47,22,31,1,2,0,M
426,Washington Spirit,21,21,1717,2,0,8,2,0,33,24,13,0,2,0,M
454,Washington Spirit,25,21,1919,0,0,1,1,0,20,21,8,0,3,0,D
460,Kansas City Current,23,21,1880,0,0,4,1,0,11,16,6,0,2,0,D
494,San Diego Wave FC,23,21,1817,2,0,8,5,0,35,34,27,1,6,0,D
500,Orlando Pride,25,21,1970,2,0,10,4,0,34,18,8,0,3,0,D
501,San Diego Wave FC,24,21,1942,1,0,12,3,0,26,20,10,0,2,1,D
516,Utah Royals FC,25,21,1884,0,0,2,2,0,21,21,41,2,3,0,D
521,Portland Thorns,26,21,1824,0,1,5,4,1,36,24,24,0,5,0,D
544,Racing Louisville FC,22,21,1810,0,0,2,2,0,9,6,4,2,1,1,D
546,Orlando Pride,26,21,1885,6,1,50,27,1,9,10,30,5,0,0,F
593,Bay FC,22,21,1944,5,4,59,29,4,32,50,27,5,7,0,F
626,Utah Royals FC,21,21,1866,3,4,54,24,4,19,17,34,7,2,0,F
7,Washington Spirit,22,22,1838,9,2,49,26,2,7,36,31,7,3,0,F
102,Washington Spirit,22,22,1899,0,1,2,0,1,32,17,10,2,2,0,D
112,Bay FC,22,22,1933,0,1,6,1,1,45,24,15,0,3,0,D
116,Racing Louisville FC,22,22,1980,2,0,13,7,0,11,4,5,0,1,0,D
146,Orlando Pride,22,22,1955,1,0,10,4,0,33,18,8,0,3,0,D
169,Orlando Pride,22,22,1977,0,0,1,0,0,17,9,23,0,2,0,D
174,NJ/NY Gotham FC,22,22,1947,0,1,8,2,1,31,38,26,2,5,0,D
176,Chicago Red Stars,22,22,1980,1,1,9,3,1,9,24,5,0,4,0,D
177,Orlando Pride,22,22,1967,1,1,6,1,1,43,18,42,0,2,0,D
200,San Diego Wave FC,23,22,1826,0,1,5,1,1,15,20,43,0,3,0,M
243,Racing Louisville FC,22,22,1980,0,2,3,3,2,30,13,49,3,2,0,M
285,Houston Dash,22,22,1942,0,0,0,0,0,0,0,3,0,0,0,G
293,Racing Louisville FC,22,22,1980,0,0,0,0,0,0,1,1,0,0,0,G
315,Portland Thorns,22,22,1980,0,0,0,0,0,0,0,1,0,0,0,G
350,Kansas City Current,25,22,1726,6,6,28,10,6,31,19,10,1,3,0,M
361,Portland Thorns,26,22,1774,0,1,14,6,1,44,24,37,1,3,0,M
385,Kansas City Current,25,22,1984,0,1,7,2,1,39,18,13,0,6,0,M
403,North Carolina Courage,24,22,2020,1,3,5,1,3,44,29,38,2,6,0,M
420,Seattle Reign,26,22,2047,3,3,32,18,3,23,23,27,2,1,0,M
463,Bay FC,23,22,2055,3,0,7,4,0,14,9,8,1,1,0,D
499,Seattle Reign,26,22,1936,0,1,2,0,1,32,17,19,1,4,0,D
519,North Carolina Courage,26,22,1964,1,0,10,3,0,26,26,16,0,2,0,D
528,Kansas City Current,25,22,1998,2,0,12,6,0,19,9,10,0,5,0,D
603,Orlando Pride,26,22,2006,11,1,52,27,1,22,18,49,3,4,0,F
622,San Diego Wave FC,26,22,1888,1,5,23,8,5,20,15,28,0,1,0,F
121,Angel City FC,23,23,2070,0,0,4,2,0,12,6,18,0,1,0,D
138,North Carolina Courage,23,23,2032,0,1,6,2,1,20,12,12,0,2,0,D
179,San Diego Wave FC,23,23,2057,0,4,5,1,4,18,10,6,0,1,0,D
180,North Carolina Courage,23,23,2015,0,1,1,0,1,30,20,7,1,3,0,D
199,Portland Thorns,23,23,2080,0,8,8,2,8,46,27,11,1,1,0,M
240,San Diego Wave FC,23,23,1962,4,3,34,18,3,17,17,41,14,5,0,M
244,North Carolina Courage,23,23,1976,1,3,14,6,3,44,24,19,3,0,0,M
279,Portland Thorns,23,23,1905,7,4,49,25,4,12,14,13,8,1,0,M
312,Angel City FC,23,23,2070,0,0,0,0,0,0,1,4,0,1,0,G
379,Kansas City Current,26,23,2056,6,1,30,11,1,38,22,33,0,3,0,M
401,NJ/NY Gotham FC,28,23,2096,1,3,20,8,3,43,22,44,0,5,0,M
469,Bay FC,26,23,2145,0,0,3,0,0,35,22,8,0,2,0,D
489,Washington Spirit,25,23,1976,1,3,5,1,3,27,18,23,2,2,0,D
553,Racing Louisville FC,25,23,1808,8,1,40,15,1,16,26,22,9,0,1,F
554,Orlando Pride,25,23,2006,17,7,95,53,7,13,38,43,15,1,0,F
614,Houston Dash,25,23,2073,1,2,16,5,2,36,16,38,4,3,0,F
620,Washington Spirit,26,23,2100,8,6,68,41,6,39,28,56,8,5,0,F
307,NJ/NY Gotham FC,24,24,2190,0,0,0,0,0,0,0,9,0,0,0,G
313,Utah Royals FC,24,24,2160,0,0,0,0,0,1,0,4,0,1,0,G
344,Portland Thorns,25,24,2084,2,3,5,4,3,43,34,16,1,0,0,M
362,Racing Louisville FC,24,24,2053,3,1,26,13,1,56,40,25,2,6,0,M
395,North Carolina Courage,26,24,2055,0,0,11,6,0,47,33,22,1,4,0,M
456,Washington Spirit,29,24,2213,0,2,5,2,2,48,27,10,1,3,0,D
476,Angel City FC,24,24,2058,0,0,1,1,0,20,8,26,0,0,0,D
496,NJ/NY Gotham FC,27,24,2127,0,0,1,0,0,23,31,23,0,7,0,D
508,Houston Dash,24,24,2159,1,0,12,2,0,36,20,11,0,5,0,D
560,Bay FC,26,24,2169,3,2,23,16,2,32,34,23,4,2,0,F
573,Angel City FC,26,24,1970,7,2,28,22,2,19,25,21,6,3,0,F
613,Bay FC,26,24,1994,8,1,40,15,1,23,31,12,13,4,0,F
638,Angel City FC,26,24,2149,5,7,35,17,7,32,20,30,9,1,0,F
95,Seattle Reign,25,25,2199,0,1,1,0,1,36,12,8,0,1,0,D
309,Houston Dash,25,25,2250,0,0,0,0,0,1,0,2,0,2,0,G
322,Chicago Red Stars,25,25,2222,0,0,0,0,0,0,0,4,0,0,0,G
327,San Diego Wave FC,25,25,2220,0,0,0,0,0,0,1,3,0,0,1,G
413,NJ/NY Gotham FC,27,25,2126,5,6,37,20,6,37,33,28,2,2,1,M
527,Portland Thorns,26,25,2236,0,0,8,2,0,17,4,8,0,0,0,D
636,Chicago Red Stars,25,25,2119,7,4,40,32,4,27,29,35,20,0,0,F
318,Racing Louisville FC,26,26,2340,0,0,0,0,0,0,0,0,0,0,0,G
372,Washington Spirit,28,26,2409,3,0,14,6,0,51,38,22,0,8,0,M
394,Racing Louisville FC,26,26,2339,0,2,8,1,2,33,16,62,6,3,0,M
417,NJ/NY Gotham FC,28,26,2188,2,1,18,8,1,20,33,18,2,4,0,M
447,North Carolina Courage,26,26,2295,1,3,8,2,3,23,3,3,0,0,0,D
465,Utah Royals FC,26,26,2340,2,1,11,5,1,26,22,14,0,3,0,D
471,Racing Louisville FC,26,26,2340,0,2,5,3,2,15,4,2,2,0,0,D
490,Chicago Red Stars,26,26,2152,0,1,6,2,1,32,2,18,0,1,0,D
502,Bay FC,27,26,2389,0,2,1,1,2,19,10,7,0,0,0,D
542,North Carolina Courage,26,26,2328,0,0,2,1,0,57,14,8,4,1,1,D
564,Kansas City Current,27,26,2324,21,6,91,64,6,30,38,28,18,1,0,F
621,North Carolina Courage,27,26,2219,5,4,49,28,4,16,9,18,5,1,0,F
321,North Carolina Courage,27,27,2430,0,0,0,0,0,0,0,3,0,1,0,G
410,Chicago Red Stars,27,27,2403,0,0,5,1,0,20,13,22,0,3,0,M
491,North Carolina Courage,27,27,2430,1,0,10,4,0,19,13,15,0,4,0,D
526,Orlando Pride,28,27,2455,1,3,2,2,3,28,21,21,0,2,0,D
529,NJ/NY Gotham FC,27,27,2368,0,1,5,1,1,16,20,18,0,5,0,D
533,Orlando Pride,28,27,2428,0,2,6,2,2,24,17,23,1,2,1,D
439,Orlando Pride,29,28,2378,1,2,9,5,2,35,23,16,1,3,0,D
317,Washington Spirit,29,29,2669,0,0,1,0,0,1,1,6,0,0,1,G
320,Orlando Pride,29,29,2610,0,0,0,0,0,0,0,8,0,1,0,G
604,Washington Spirit,29,29,2670,1,1,13,4,1,33,23,22,2,2,0,F
67,Orlando Pride,10,9,108,0,0,3,0,0,5,2,4,0,0,0,F
